Construct,Window,Hexapeptide,APR P,"Accessibility, free (%)","Accessibility, bound (%)",Masked on binding (points),Buried residues,Exposed residues,Interface residues
Parent #2,49–54,FAKKIG,0.521,40.2,36.4,+3.7,2,2,2
Parent #2,51–56,KKIGNI,0.625,48.4,40.8,+7.7,0,3,4
Parent #2,53–58,IGNISV,0.512,44.3,36.9,+7.4,0,2,4
Parent #4,34–39,AHMATL,0.521,32.9,32.9,+0.0,2,3,0
Parent #4,36–41,MATLSV,0.504,35.3,34.9,+0.4,2,2,0
Parent #4,63–68,DAIALF,0.506,33.0,34.0,-1.1,1,2,0
V2,6–11,EQLLKY,0.568,40.3,31.7,+8.6,1,2,3
V2,7–12,QLLKYA,0.605,32.3,23.7,+8.6,2,1,3
V2,8–13,LLKYAK,0.686,34.2,25.9,+8.3,2,2,3
V2,9–14,LKYAKT,0.656,40.2,28.8,+11.3,1,3,3
V2,10–15,KYAKTA,0.505,34.1,22.0,+12.1,2,3,3
V2,31–36,KKSEYY,0.503,33.1,25.7,+7.4,2,1,3
V2,32–37,KSEYYK,0.501,30.0,22.4,+7.6,2,0,3
V2,33–38,SEYYKK,0.501,32.5,28.7,+3.8,2,0,2
V2,34–39,EYYKKI,0.658,32.5,29.0,+3.5,2,0,2
V2,35–40,YYKKIA,0.704,29.0,25.2,+3.7,3,0,2
V2,36–41,YKKIAE,0.556,29.9,28.2,+1.7,3,1,1
V2,71–76,AYKLAA,0.518,35.9,28.1,+7.9,1,2,3
V3 (probe),1–6,MMEVVE,0.553,47.8,38.9,+8.9,0,3,3
V3 (probe),55–60,LVRQLR,0.512,44.3,39.5,+4.8,0,1,3
V4,17–22,LAIAKT,0.524,31.0,32.6,-1.5,2,1,0
V4,64–69,DVALFA,0.539,31.4,32.4,-1.1,2,1,0
V4,65–70,VALFAA,0.515,35.9,36.7,-0.8,2,2,0
V5 (probe),27–32,KVDPEL,0.525,37.9,37.8,+0.0,1,2,0
V5 (probe),42–47,EMLAYA,0.530,23.2,5.7,+17.5,2,1,3
V5 (probe),43–48,MLAYAT,0.587,26.2,6.6,+19.6,2,1,3
V5 (probe),65–70,KKAKQI,0.538,23.4,23.3,+0.1,3,0,0
V5 (probe),68–73,KQIAKK,0.535,32.3,32.2,+0.1,1,1,0
V5 (probe),87–92,KMGKYC,0.578,17.2,17.1,+0.2,3,0,0
V5 (probe),88–93,MGKYCI,0.638,15.4,15.3,+0.1,3,0,0
V5 (probe),90–95,KYCIEA,0.575,23.2,22.8,+0.4,2,0,0
